<?xml version="1.0" encoding="UTF-8"?>
<project-private xmlns="http://www.netbeans.org/ns/project-private/1">
    <editor-bookmarks xmlns="http://www.netbeans.org/ns/editor-bookmarks/2" lastBookmarkId="0"/>
    <open-files xmlns="http://www.netbeans.org/ns/projectui-open-files/2">
        <group>
            <file>file:/C:/Users/tt/Documents/JaVa3/ChucVu/src/Views/ViewCuaHang.java</file>
            <file>file:/C:/Users/tt/Documents/JaVa3/ChucVu/src/Services/ChiTietSPService.java</file>
            <file>file:/C:/Users/tt/Documents/JaVa3/ChucVu/src/Repositories/DongSPRePo.java</file>
            <file>file:/C:/Users/tt/Documents/JaVa3/ChucVu/src/Services/IHoaDonChiTietService.java</file>
            <file>file:/C:/Users/tt/Documents/JaVa3/ChucVu/src/Services/IGioHangService.java</file>
            <file>file:/C:/Users/tt/Documents/JaVa3/ChucVu/src/DomainModels/HoaDonChiTiet.java</file>
            <file>file:/C:/Users/tt/Documents/JaVa3/ChucVu/src/Repositories/GioHangChiTietRepo.java</file>
            <file>file:/C:/Users/tt/Documents/JaVa3/ChucVu/src/Services/ICuaHangService.java</file>
            <file>file:/C:/Users/tt/Documents/JaVa3/ChucVu/src/DomainModels/NhaSanXuat.java</file>
            <file>file:/C:/Users/tt/Documents/JaVa3/ChucVu/src/Repositories/CuaHangRePo.java</file>
            <file>file:/C:/Users/tt/Documents/JaVa3/ChucVu/src/DomainModels/GioHangChiTiet.java</file>
            <file>file:/C:/Users/tt/Documents/JaVa3/ChucVu/src/Repositories/HoaDonRepo.java</file>
            <file>file:/C:/Users/tt/Documents/JaVa3/ChucVu/src/Views/ViewMauSac.java</file>
            <file>file:/C:/Users/tt/Documents/JaVa3/ChucVu/src/Views/ViewHoaDonChiTiet.java</file>
            <file>file:/C:/Users/tt/Documents/JaVa3/ChucVu/src/Repositories/INhanVienRepo.java</file>
            <file>file:/C:/Users/tt/Documents/JaVa3/ChucVu/src/Repositories/ISanPhamRepo.java</file>
            <file>file:/C:/Users/tt/Documents/JaVa3/ChucVu/src/Services/INhanVienService.java</file>
            <file>file:/C:/Users/tt/Documents/JaVa3/ChucVu/src/Services/DongSPService.java</file>
            <file>file:/C:/Users/tt/Documents/JaVa3/ChucVu/src/Views/ViewNhanVien.java</file>
            <file>file:/C:/Users/tt/Documents/JaVa3/ChucVu/src/Repositories/SanPhamRepo.java</file>
            <file>file:/C:/Users/tt/Documents/JaVa3/ChucVu/src/Services/HoaDonService.java</file>
            <file>file:/C:/Users/tt/Documents/JaVa3/ChucVu/src/Repositories/IChucVuRepo.java</file>
            <file>file:/C:/Users/tt/Documents/JaVa3/ChucVu/src/DomainModels/HoaDon.java</file>
            <file>file:/C:/Users/tt/Documents/JaVa3/ChucVu/src/Services/ISanPhamService.java</file>
            <file>file:/C:/Users/tt/Documents/JaVa3/ChucVu/src/Services/IDongSPService.java</file>
            <file>file:/C:/Users/tt/Documents/JaVa3/ChucVu/src/Services/NhanVienService.java</file>
            <file>file:/C:/Users/tt/Documents/JaVa3/ChucVu/src/DomainModels/NhanVien.java</file>
            <file>file:/C:/Users/tt/Documents/JaVa3/ChucVu/src/ViewModels/QLChiTietSanPham.java</file>
            <file>file:/C:/Users/tt/Documents/JaVa3/ChucVu/src/Repositories/IChiTietSanPhamRepo.java</file>
            <file>file:/C:/Users/tt/Documents/JaVa3/ChucVu/src/ViewModels/QlHoaDon.java</file>
            <file>file:/C:/Users/tt/Documents/JaVa3/ChucVu/src/Services/IGioHangChiTietService.java</file>
            <file>file:/C:/Users/tt/Documents/JaVa3/ChucVu/src/Repositories/INSXRepo.java</file>
            <file>file:/C:/Users/tt/Documents/JaVa3/ChucVu/src/Repositories/IDongSPRepo.java</file>
            <file>file:/C:/Users/tt/Documents/JaVa3/ChucVu/src/DomainModels/GioHang.java</file>
            <file>file:/C:/Users/tt/Documents/JaVa3/ChucVu/src/DomainModels/MauSac.java</file>
            <file>file:/C:/Users/tt/Documents/JaVa3/ChucVu/src/Repositories/IHoaDonChiTietRepo.java</file>
            <file>file:/C:/Users/tt/Documents/JaVa3/ChucVu/src/DomainModels/SanPham.java</file>
            <file>file:/C:/Users/tt/Documents/JaVa3/ChucVu/src/Services/CuaHangService.java</file>
            <file>file:/C:/Users/tt/Documents/JaVa3/ChucVu/src/Repositories/NSXRePo.java</file>
            <file>file:/C:/Users/tt/Documents/JaVa3/ChucVu/src/ViewModels/QLNhanVien.java</file>
            <file>file:/C:/Users/tt/Documents/JaVa3/ChucVu/src/Repositories/NhanVienRePo.java</file>
            <file>file:/C:/Users/tt/Documents/JaVa3/ChucVu/src/Repositories/ChiTietSanPhamRepo.java</file>
            <file>file:/C:/Users/tt/Documents/JaVa3/ChucVu/src/Repositories/IGioHangChiTietRepo.java</file>
            <file>file:/C:/Users/tt/Documents/JaVa3/ChucVu/src/ViewModels/QLGioHangChiTiet.java</file>
            <file>file:/C:/Users/tt/Documents/JaVa3/ChucVu/src/Services/IChiTietSanPhamService.java</file>
            <file>file:/C:/Users/tt/Documents/JaVa3/ChucVu/src/Utilities/DBContext.java</file>
            <file>file:/C:/Users/tt/Documents/JaVa3/ChucVu/src/Views/ViewKhachHang.java</file>
            <file>file:/C:/Users/tt/Documents/JaVa3/ChucVu/src/Services/IHoaDonService.java</file>
            <file>file:/C:/Users/tt/Documents/JaVa3/ChucVu/src/Views/ViewSanPham.java</file>
            <file>file:/C:/Users/tt/Documents/JaVa3/ChucVu/src/Repositories/GioHangRepo.java</file>
            <file>file:/C:/Users/tt/Documents/JaVa3/ChucVu/src/Application/Application.java</file>
            <file>file:/C:/Users/tt/Documents/JaVa3/ChucVu/src/Repositories/KhachHangRePo.java</file>
            <file>file:/C:/Users/tt/Documents/JaVa3/ChucVu/src/Repositories/IHoaDonRepo.java</file>
            <file>file:/C:/Users/tt/Documents/JaVa3/ChucVu/src/DomainModels/ChiTietSanPham.java</file>
            <file>file:/C:/Users/tt/Documents/JaVa3/ChucVu/src/Views/ViewGioHangChiTiet.java</file>
            <file>file:/C:/Users/tt/Documents/JaVa3/ChucVu/src/Repositories/ChucVuRepo.java</file>
            <file>file:/C:/Users/tt/Documents/JaVa3/ChucVu/src/Repositories/IKhachHangRepo.java</file>
            <file>file:/C:/Users/tt/Documents/JaVa3/ChucVu/src/Views/ViewHoaDon.java</file>
            <file>file:/C:/Users/tt/Documents/JaVa3/ChucVu/src/Repositories/ICuaHangRepo.java</file>
            <file>file:/C:/Users/tt/Documents/JaVa3/ChucVu/src/Repositories/IGioHangRepo.java</file>
            <file>file:/C:/Users/tt/Documents/JaVa3/ChucVu/src/Views/ViewChiTietSanPham.java</file>
            <file>file:/C:/Users/tt/Documents/JaVa3/ChucVu/src/Services/INSXService.java</file>
            <file>file:/C:/Users/tt/Documents/JaVa3/ChucVu/src/Services/HoaDonChiTietService.java</file>
            <file>file:/C:/Users/tt/Documents/JaVa3/ChucVu/src/ViewModels/QlHoaDonChiTiet.java</file>
            <file>file:/C:/Users/tt/Documents/JaVa3/ChucVu/src/Repositories/IMauSacRepo.java</file>
            <file>file:/C:/Users/tt/Documents/JaVa3/ChucVu/src/Services/SanPhamService.java</file>
            <file>file:/C:/Users/tt/Documents/JaVa3/ChucVu/src/Services/KhachHangService.java</file>
            <file>file:/C:/Users/tt/Documents/JaVa3/ChucVu/src/DomainModels/KhachHang.java</file>
            <file>file:/C:/Users/tt/Documents/JaVa3/ChucVu/src/Services/MauSacService.java</file>
            <file>file:/C:/Users/tt/Documents/JaVa3/ChucVu/src/Services/IKhachHangService.java</file>
            <file>file:/C:/Users/tt/Documents/JaVa3/ChucVu/src/Repositories/HoaDonChiTietRepo.java</file>
            <file>file:/C:/Users/tt/Documents/JaVa3/ChucVu/src/Services/NSXService.java</file>
            <file>file:/C:/Users/tt/Documents/JaVa3/ChucVu/src/Repositories/MauSacRepo.java</file>
            <file>file:/C:/Users/tt/Documents/JaVa3/ChucVu/src/Services/GioHangChiTietService.java</file>
            <file>file:/C:/Users/tt/Documents/JaVa3/ChucVu/src/Views/ViewChucVu.java</file>
            <file>file:/C:/Users/tt/Documents/JaVa3/ChucVu/src/Services/ChucVuService.java</file>
            <file>file:/C:/Users/tt/Documents/JaVa3/ChucVu/src/Views/ViewGioHang.java</file>
            <file>file:/C:/Users/tt/Documents/JaVa3/ChucVu/src/Views/ViewDongSP.java</file>
            <file>file:/C:/Users/tt/Documents/JaVa3/ChucVu/src/Services/IChucVuService.java</file>
            <file>file:/C:/Users/tt/Documents/JaVa3/ChucVu/src/Services/IMauSacService.java</file>
            <file>file:/C:/Users/tt/Documents/JaVa3/ChucVu/src/Views/ViewNSX.java</file>
            <file>file:/C:/Users/tt/Documents/JaVa3/ChucVu/src/Services/GioHangService.java</file>
            <file>file:/C:/Users/tt/Documents/JaVa3/ChucVu/src/ViewModels/QlGioHang.java</file>
        </group>
    </open-files>
</project-private>
